epoch,time,train/box_loss,train/cls_loss,train/dfl_loss,metrics/precision(B),metrics/recall(B),metrics/mAP50(B),metrics/mAP50-95(B),val/box_loss,val/cls_loss,val/dfl_loss,lr/pg0,lr/pg1,lr/pg2
1,784.541,0.63198,2.18801,1.15211,0.69446,0.69911,0.80862,0.67288,0.61428,2.29351,1.12279,0.000330808,0.000330808,0.000330808
2,1556.05,0.68247,1.45654,1.166,0.81821,0.7594,0.84602,0.68198,0.71177,1.57314,1.21212,0.000657566,0.000657566,0.000657566
3,2318.65,0.71788,1.34025,1.18285,0.69393,0.72663,0.79494,0.58258,0.86371,1.70328,1.35451,0.000977725,0.000977725,0.000977725
4,3090.26,0.70974,1.21408,1.17642,0.75513,0.77774,0.84527,0.65196,0.74545,1.26467,1.23263,0.0009703,0.0009703,0.0009703
5,3838.17,0.70535,1.09715,1.1738,0.72168,0.67532,0.77488,0.61441,0.72657,1.4003,1.22042,0.0009604,0.0009604,0.0009604
